"","TagName"
"1","guitar"
"2","theory"
"3","piano"
"4","chords"
"5","notation"
"6","electric-guitar"
"7","technique"
"8","scales"
"9","voice"
"10","chord-theory"
"11","composition"
"12","harmony"
"13","practice"
"14","sheet-music"
"15","chord-progressions"
"16","terminology"
"17","learning"
"18","rhythm"
"19","acoustic-guitar"
"20","tuning"
"21","jazz"
"22","software"
"23","recording"
"24","amplifiers"
"25","strings"
"26","instruments"
"27","drums"
"28","violin"
"29","key"
"30","keyboard"
"31","fingering"
"32","midi"
"33","time-signatures"
"34","performing"
"35","modes"
"36","maintenance"
"37","guitar-effects"
"38","history"
"39","classical-music"
"40","improvisation"
"41","intervals"
"42","self-learning"
"43","bass-guitar"
"44","ear-training"
"45","melody"
"46","lilypond"
"47","classical-guitar"
"48","sound"
"49","beginner"
"50","tempo"
"51","digital-piano"
"52","analysis"
"53","key-signatures"
"54","synthesizer"
"55","blues"
"56","vocal-range"
"57","sight-reading"
"58","pick-ups"
"59","tablature"
"60","effects-pedal"
"61","exercises"
"62","electric-bass-guitar"
"63","orchestra"
"64","saxophone"
"65","midi-controller-keyboard"
"66","mixing"
"67","transcription"
"68","flute"
"69","songwriting"
"70","beats"
"71","string-instruments"
"72","tone"
"73","electronics"
"74","microphones"
"75","repair"
"76","daw"
"77","accidentals"
"78","fingerstyle-guitar"
"79","electronic-music"
"80","transposition"
"81","ableton-live"
"82","brass"
"83","acoustics"
"84","trumpet"
"85","j-s-bach"
"86","alternative-tunings"
"87","speakers"
"88","logic-pro"
"89","harmonica"
"90","baroque-period"
"91","homerecording"
"92","production"
"93","modulation"
"94","dynamics"
"95","counterpoint"
"96","intonation"
"97","ukulele"
"98","voice-leading"
"99","live-sound"
"100","equipment"
"101","arranging"
"102","setup"
"103","musicology"
"104","fretboard"
"105","band"
"106","percussion"
"107","cello"
"108","teaching"
"109","harmonics"
"110","audio"
"111","picking"
"112","woodwinds"
"113","pitch"
"114","noise"
"115","health"
"116","meter"
"117","roman-numerals"
"118","frequency"
"119","sibelius"
"120","temperament"
"121","cadence"
"122","orchestration"
"123","musical-forms"
"124","trombone"
"125","chord-inversions"
"126","computer"
"127","styles"
"128","arpeggios"
"129","musescore"
"130","ornaments"
"131","clarinet"
"132","double-bass"
"133","articulation"
"134","tuplet"
"135","drum-kits"
"136","consonance-and-dissonance"
"137","books"
"138","bridge"
"139","effects"
"140","clefs"
"141","solos"
"142","metronomes"
"143","recorder"
"144","mixer"
"145","bow"
"146","orchestral-strings"
"147","strumming"
"148","lessons"
"149","octave"
"150","composers"
"151","dj"
"152","indian-classical"
"153","fl-studio"
"154","beethoven"
"155","keyboard-pedals"
"156","learning-resources"
"157","construction"
"158","voice-training"
"159","chopin"
"160","accompaniment"
"161","choir"
"162","memorization"
"163","organ"
"164","tonal"
"165","buzz"
"166","vst"
"167","metal"
"168","action"
"169","distortion"
"170","lyrics"
"171","breathing"
"172","hearing"
"173","conducting"
"174","trills"
"175","string-gauge"
"176","lutherie"
"177","headphones"
"178","synthesis"
"179","tremolo-system"
"180","pop-music"
"181","studio"
"182","vibrato"
"183","chromatic"
"184","garage-band"
"185","note-bending"
"186","solfege"
"187","performance-practice"
"188","capos"
"189","rock"
"190","samples"
"191","abrsm"
"192","rehearsal"
"193","vocal-cords"
"194","bass-voice"
"195","pre-amp"
"196","guitar-pro"
"197","flamenco"
"198","instrument-range"
"199","relative-pitch"
"200","live"
"201","identification"
"202","absolute-pitch"
"203","physiology"
"204","wiring"
"205","education"
"206","psychoacoustics"
"207","polyrhythm"
"208","mozart"
"209","sustain"
"210","fugue"
"211","falsetto"
"212","electronic-drumset"
"213","repertoire"
"214","rock-n-roll"
"215","picks"
"216","physical-limitations"
"217","legato"
"218","algorithmic-composition"
"219","posture"
"220","just-intonation"
"221","stage-setup"
"222","overtones"
"223","looping"
"224","interpretation"
"225","timbre"
"226","viola"
"227","instrument-cleaning"
"228","oboe"
"229","mastering"
"230","reeds"
"231","guitar-neck"
"232","resonance"
"233","opera"
"234","cubase"
"235","exam-grades"
"236","audio-editing"
"237","tremolo"
"238","children"
"239","engraving"
"240","romantic-period"
"241","accordion"
"242","finale"
"243","hand-independence"
"244","audacity"
"245","storage"
"246","harp"
"247","tenor"
"248","pa"
"249","cable"
"250","glissando"
"251","classical-period"
"252","stratocaster"
"253","beaming"
"254","instrumentation"
"255","banjo"
"256","mute"
"257","french-horn"
"258","amplification"
"259","rap"
"260","tuba"
"261","folk"
"262","mac"
"263","pc"
"264","swing"
"265","genre"
"266","medieval"
"267","exam"
"268","soprano-recorder"
"269","atonal"
"270","multi-instrumentalism"
"271","modal"
"272","vacuum-tube"
"273","traktor"
"274","microtonality"
"275","pain"
"276","tuner"
"277","enharmonics"
"278","accent"
"279","bass-drum"
"280","lead-guitar"
"281","country-and-western"
"282","motif"
"283","bowing"
"284","skill-level"
"285","semi-acoustic-guitar"
"286","guitar-tapping"
"287","warm-up"
"288","jamming"
"289","sevenths"
"290","set-theory"
"291","latency"
"292","dance"
"293","figured-bass"
"294","ethnomusicology"
"295","bassoon"
"296","snare-drum"
"297","audition"
"298","virtual-instrument"
"299","audio-feedback"
"300","mouthpieces"
"301","teachers"
"302","tuxguitar"
"303","slurs"
"304","sonata"
"305","12-string-guitar"
"306","stage-fright"
"307","timpani"
"308","staccato"
"309","latin-jazz"
"310","cajon"
"311","pipe-organ"
"312","violin-family"
"313","church-music"
"314","syncopation"
"315","embouchure"
"316","mandolin"
"317","serial"
"318","palm-muting"
"319","audiation"
"320","diatonic-harmony"
"321","lead-sheets"
"322","copyrights"
"323","bass-trombone"
"324","instrument-care"
"325","tonguing"
"326","harpsichord"
"327","renaissance-music"
"328","musicxml"
"329","walking-bass"
"330","numbered-notation"
"331","wind-band"
"332","perception"
"333","ableton"
"334","drum-stick"
"335","slide-guitar"
"336","oud"
"337","valves"
"338","march"
"339","drum-hardware"
"340","muscles"
"341","fingerstyle-bass"
"342","reason"
"343","lefties"
"344","voice-change"
"345","delay"
"346","world-music"
"347","modern-music"
"348","chord-voicings"
"349","functional-harmony"
"350","editions"
"351","theremin"
"352","turntables"
"353","expressiveness"
"354","reverb"
"355","grading"
"356","piccolo"
"357","acoustic-drumset"
"358","choral"
"359","satb"
"360","looper-pedals"
"361","physics"
"362","temperature"
"363","plucking"
"364","5-string-bass-guitar"
"365","rhapsody"
"366","travel"
"367","flugelhorn"
"368","movements"
"369","alto-recorder"
"370","ride-cymbal"
"371","bass-clarinet"
"372","quarter-tones"
"373","autotune"
"374","fusion"
"375","quartal-harmony"
"376","penny-whistle"
"377","drum-machine"
"378","lute"
"379","hymnody"
"380","rsi"
"381","african"
"382","archeterie"
"383","accompanying"
"384","transportation"
"385","erhu"
"386","instrument-maintenance"
"387","bebop"
"388","bartok"
"389","tonnetz"
"390","ragtime"
"391","hand-bells"
"392","korg"
"393","chant"
"394","ensemble"
"395","mallet-percussion"
"396","negative-harmony"
"397","polytonality"
"398","phrase"
"399","instrument-making"
"400","stick-control"
"401","sousaphone"
"402","punk"
"403","crash-cymbal"
"404","xylophone"
"405","sitar"
"406","ocarina"
"407","avant-garde"
"408","celtic"
"409","fretless-bass-guitar"
"410","fingerboard"
"411","vocal-fry"
"412","bitwig"
"413","transition"
"414","stand"
"415","chromatic-harmonica"
"416","melodica"
"417","midi-controller-drums"
"418","multitrack"
"419","diatonic"
"420","acoustic-effects"
"421","professional-associations"
"422","concertina"
"423","nailcare"
"424","phase"
"425","musical-saw"
"426","mikrokosmos"
"427","the-real-book"
"428","conditioning"
"429","balalaika"
"430","vibraphone"
"431","texture"
"432","double-stops"
"433","musical-theatre"
"434","echo"
"435","hammer-dulcimer"
"436","tetrachords"
"437","flanger"
"438","beatbox"
"439","diaphragm"
"440","samba"
"441","baton"
"442","cadenza"
"443","bodybuilding"
"444","bongos"
"445","viola-da-gamba"
"446","transducer"
"447","tabla"
"448","fretless-guitar"
"449","strum"
"450","harmonium"
"451","schenker"
"452","minimal-music"
"453","vivaldi"
"454","expression"
"455","protools"
"456","loop"
"457","visual-arts"
"458","phrasing"
"459","crotales"
"460","four-mallets"
"461","double-escapement"
"462","chuck"
"463","didgeridoo"
"464","keytar"
"465","musicnotes"
"466","scordatura"
"467","balance"
"468","abc-notation"
"469","bugle"
"470","windows"
"471","normalization"
"472","dynamic-range"
"473","mixxx"
"474","hydrogen"
